[
{
  "model": "auth.group",
  "fields": {
    "name": "Clients",
    "permissions": []
  }
},
{
  "model": "auth.group",
  "fields": {
    "name": "Gestor",
    "permissions": [
      [
        "add_accessfailurelog",
        "axes",
        "accessfailurelog"
      ],
      [
        "change_accessfailurelog",
        "axes",
        "accessfailurelog"
      ],
      [
        "delete_accessfailurelog",
        "axes",
        "accessfailurelog"
      ],
      [
        "view_accessfailurelog",
        "axes",
        "accessfailurelog"
      ],
      [
        "add_accesslog",
        "axes",
        "accesslog"
      ],
      [
        "change_accesslog",
        "axes",
        "accesslog"
      ],
      [
        "delete_accesslog",
        "axes",
        "accesslog"
      ],
      [
        "view_accesslog",
        "axes",
        "accesslog"
      ],
      [
        "view_carret",
        "comandes",
        "carret"
      ],
      [
        "add_comanda",
        "comandes",
        "comanda"
      ],
      [
        "change_comanda",
        "comandes",
        "comanda"
      ],
      [
        "delete_comanda",
        "comandes",
        "comanda"
      ],
      [
        "view_comanda",
        "comandes",
        "comanda"
      ],
      [
        "add_vi",
        "vins",
        "vi"
      ],
      [
        "change_vi",
        "vins",
        "vi"
      ],
      [
        "delete_vi",
        "vins",
        "vi"
      ],
      [
        "view_vi",
        "vins",
        "vi"
      ]
    ]
  }
},
{
  "model": "auth.user",
  "fields": {
    "password": "!",
    "last_login": null,
    "is_superuser": false,
    "username": "jordi@trupiessu.cat",
    "first_name": "Jordi",
    "last_name": "",
    "email": "jordi@trupiessu.cat",
    "is_staff": false,
    "is_active": true,
    "date_joined": "2026-04-14T09:50:44Z",
    "groups": [],
    "user_permissions": []
  }
},
{
  "model": "auth.user",
  "fields": {
    "password": "!",
    "last_login": null,
    "is_superuser": false,
    "username": "usuari3",
    "first_name": "",
    "last_name": "",
    "email": "",
    "is_staff": false,
    "is_active": true,
    "date_joined": "2026-04-14T09:50:44Z",
    "groups": [],
    "user_permissions": []
  }
},
{
  "model": "auth.user",
  "fields": {
    "password": "pbkdf2_sha256$870000$kvkPmvpMnUO6yksO0HKbQY$twLliClfxVujySLZBZt+KZOC951XZCpzBOW92aRdWsE=",
    "last_login": "2026-05-13T12:03:01.562Z",
    "is_superuser": true,
    "username": "admin",
    "first_name": "",
    "last_name": "",
    "email": "admin@admin.com",
    "is_staff": true,
    "is_active": true,
    "date_joined": "2026-05-11T01:05:17.878Z",
    "groups": [
      [
        "Clients"
      ]
    ],
    "user_permissions": []
  }
},
{
  "model": "auth.user",
  "fields": {
    "password": "pbkdf2_sha256$870000$vwMWp4uVhmSdWrH864KcD4$6fQob9afBRldLjeGXlnY7U9I+uN329O6yZhmZPVrmoQ=",
    "last_login": "2026-05-13T15:45:39.817Z",
    "is_superuser": false,
    "username": "daruedada@gmail.com",
    "first_name": "dani",
    "last_name": "rueda",
    "email": "daruedada@gmail.com",
    "is_staff": false,
    "is_active": true,
    "date_joined": "2026-05-12T17:30:15Z",
    "groups": [
      [
        "Clients"
      ],
      [
        "Gestor"
      ]
    ],
    "user_permissions": []
  }
},
{
  "model": "sessions.session",
  "pk": "x538ggnkbyda0uq07jy8wgyqqxwtx1a7",
  "fields": {
    "session_data": ".eJxVjDsOwjAQRO_iGlnZJP4sJX3OYK3XGxxAtpRPhbg7iZQCminmvZm3CrStOWyLzGFK6qqMuvx2kfgp5QDpQeVeNdeyzlPUh6JPuuihJnndTvfvINOS93UEGa0FRkzO9hZaFvTtSI4JG-gsSw-NQRIwBJyMdZ5QfA8dpj2i-nwB37I3fw:1wNBmF:zvJvfYyL_XaLZqwla19RNB4d0QGtwKu0eibGkyH9IYA",
    "expire_date": "2026-05-27T15:45:39.834Z"
  }
},
{
  "model": "vins.vi",
  "pk": 1,
  "fields": {
    "nom": "Pittacum Mencía",
    "origen": "Bierzo",
    "tipus": "NEGRE",
    "preu": "11.65",
    "stock": 46,
    "any_collita": 2019,
    "imatge": "vins/pittacum_mencia_75WgYJM.jpg",
    "descripcio": "Perfil fresc i elegant, amb notes de fruita vermella, tocs florals i un final suau i equilibrat. És un vi amb caràcter atlàntic, ideal per a carns, guisats i formatges curats.",
    "es_actiu": true
  }
},
{
  "model": "vins.vi",
  "pk": 2,
  "fields": {
    "nom": "O Luar do Sil",
    "origen": "Córgomo",
    "tipus": "BLANC",
    "preu": "36.87",
    "stock": 38,
    "any_collita": 2022,
    "imatge": "vins/O_Luar_Do_Sil_Hh86vjQ.jpg",
    "descripcio": "Elegant i intens, amb notes de fruita madura, flors blanques i un fons mineral molt fi. Vibrant, potent i llarga en boca, ideal per a peix, marisc i cuina delicada.",
    "es_actiu": true
  }
},
{
  "model": "vins.vi",
  "pk": 3,
  "fields": {
    "nom": "Trupiessu",
    "origen": "Pierola",
    "tipus": "ROSAT",
    "preu": "11.99",
    "stock": 98,
    "any_collita": 2021,
    "imatge": "vins/trupiessu_rDOptG3.png",
    "descripcio": "Aquest vi  està dedicat a qui ha portat aquestes vinyes de Sumoll fins a on són ara. Més de 50 anys de saviesa, tradició, cura i dedicació.",
    "es_actiu": true
  }
},
{
  "model": "vins.vi",
  "pk": 4,
  "fields": {
    "nom": "Mar de Frades",
    "origen": "Rías Baixas",
    "tipus": "BLANC",
    "preu": "18.60",
    "stock": 20,
    "any_collita": 2026,
    "imatge": "vins/mar-de-frades_oAqyTGf.jpg",
    "descripcio": "Albarinyo. El seu nom, del gallec “Mar de Frailes”, prové del lloc davant de la ria d’Arousa, a la desembocadura del riu Umia, on els antics pelegrins desembarcaven per continuar el seu camí cap a Santiago de Compostel·la.",
    "es_actiu": true
  }
},
{
  "model": "vins.vi",
  "pk": 5,
  "fields": {
    "nom": "Ca N'Estruc L'Equilibrista",
    "origen": "Catalunya",
    "tipus": "NEGRE",
    "preu": "14.95",
    "stock": 0,
    "any_collita": 2016,
    "imatge": "vins/equilibrista.jpg",
    "descripcio": "Ca N’Estruc és una finca familiar situada en un indret únic, als peus de la muntanya de Montserrat, al municipi d’Esparreguera (Barcelona). La finca està documentada des de 1574. De fet, la verema del 2024 va ser la celebració del seu 450è aniversari.",
    "es_actiu": true
  }
},
{
  "model": "vins.vi",
  "pk": 6,
  "fields": {
    "nom": "Ca N'Estruc Negre",
    "origen": "Catalunya",
    "tipus": "NEGRE",
    "preu": "7.95",
    "stock": 48,
    "any_collita": 2024,
    "imatge": "vins/ca_nestruc.jpg",
    "descripcio": "Ca N’Estruc és una finca familiar situada en un indret únic, als peus de la muntanya de Montserrat, al municipi d’Esparreguera (Barcelona). La finca està documentada des de 1574. De fet, la verema del 2024 va ser la celebració del seu 450è aniversari.",
    "es_actiu": true
  }
},
{
  "model": "vins.vi",
  "pk": 7,
  "fields": {
    "nom": "Gramona Gessamí",
    "origen": "Penedès",
    "tipus": "BLANC",
    "preu": "13.80",
    "stock": 48,
    "any_collita": 2025,
    "imatge": "vins/gessami.jpg",
    "descripcio": "Moscat, Sauvignon Blanc, Gewürztraminer",
    "es_actiu": true
  }
},
{
  "model": "vins.vi",
  "pk": 8,
  "fields": {
    "nom": "Llopart Clos dels Fòssils",
    "origen": "Penedès",
    "tipus": "BLANC",
    "preu": "13.70",
    "stock": 48,
    "any_collita": 2024,
    "imatge": "vins/clos_dels_fossils.jpg",
    "descripcio": "El celler Llopart està situat a l’Heretat “Can Llopart de Subirats”, al municipi de Subirats, entre l’Ordal i el massís del Garraf, a quatre quilòmetres de Sant Sadurní d’Anoia. El celler d’elaboració i criança està envoltat de vinyes de la propietat i conviu amb una masia típica catalana del segle XIV, una de les més antigues del Penedès, amb valuosos elements arquitectònics.",
    "es_actiu": true
  }
},
{
  "model": "vins.vi",
  "pk": 9,
  "fields": {
    "nom": "Pardas Rosat Sumoll",
    "origen": "Penedès",
    "tipus": "ROSAT",
    "preu": "14.80",
    "stock": 48,
    "any_collita": 2024,
    "imatge": "vins/pardas_rosat_sumoll.jpg",
    "descripcio": "Aquest petit celler està situat a la finca de Can Comas, al municipi de Torrelavit, sota la D.O. Penedès, concretament a l’Alt Penedès.",
    "es_actiu": true
  }
},
{
  "model": "vins.vi",
  "pk": 10,
  "fields": {
    "nom": "Muga Rosat",
    "origen": "Rioja",
    "tipus": "ROSAT",
    "preu": "10.90",
    "stock": 48,
    "any_collita": 2025,
    "imatge": "vins/muga_rosat.jpg",
    "descripcio": "Bodegas Muga és un celler marcat per la seva història, patrimoni i herència vitivinícola. Va néixer el 1932 de la mà d’Isaac Muga i Aurora Caño, tots dos membres d’una família de forta tradició vitivinícola. El 1969, amb la mort del fundador, van ser els seus fills Manuel, Isabel i Isaac els qui es van fer càrrec de la direcció del celler.",
    "es_actiu": true
  }
},
{
  "model": "vins.vi",
  "pk": 11,
  "fields": {
    "nom": "Muga Blanc",
    "origen": "Rioja",
    "tipus": "BLANC",
    "preu": "12.55",
    "stock": 48,
    "any_collita": 2025,
    "imatge": "vins/muga_blanc.jpg",
    "descripcio": "Bodegas Muga és un celler marcat per la seva història, patrimoni i herència vitivinícola. Va néixer el 1932 de la mà d’Isaac Muga i Aurora Caño, tots dos membres d’una família de forta tradició vitivinícola. El 1969, amb la mort del fundador, van ser els seus fills Manuel, Isabel i Isaac els qui es van fer càrrec de la direcció del celler.",
    "es_actiu": true
  }
},
{
  "model": "vins.vi",
  "pk": 12,
  "fields": {
    "nom": "Muga Flor",
    "origen": "Rioja",
    "tipus": "BLANC",
    "preu": "41.60",
    "stock": 48,
    "any_collita": 2022,
    "imatge": "vins/muga_flor_blanco.jpg",
    "descripcio": "Bodegas Muga és un celler marcat per la seva història, patrimoni i herència vitivinícola. Va néixer el 1932 de la mà d’Isaac Muga i Aurora Caño, tots dos membres d’una família de forta tradició vitivinícola. El 1969, amb la mort del fundador, van ser els seus fills Manuel, Isabel i Isaac els qui es van fer càrrec de la direcció del celler.",
    "es_actiu": true
  }
},
{
  "model": "vins.vi",
  "pk": 13,
  "fields": {
    "nom": "Ca N'Estruc Rosat",
    "origen": "Catalunya",
    "tipus": "ROSAT",
    "preu": "8.70",
    "stock": 48,
    "any_collita": 2025,
    "imatge": "vins/ca_nestruc_rosat.jpg",
    "descripcio": "Ca N’Estruc és una finca familiar situada en un indret únic, als peus de la muntanya de Montserrat, al municipi d’Esparreguera (Barcelona). La finca està documentada des de 1574. De fet, la verema del 2024 va ser la celebració del seu 450è aniversari.",
    "es_actiu": true
  }
},
{
  "model": "vins.vi",
  "pk": 14,
  "fields": {
    "nom": "Bàrbara Forés Rosat",
    "origen": "Terra Alta",
    "tipus": "ROSAT",
    "preu": "9.60",
    "stock": 48,
    "any_collita": 2024,
    "imatge": "vins/barbara_fores_rosat.jpg",
    "descripcio": "Garnatxa Negra, Syrah, Carinyena",
    "es_actiu": true
  }
},
{
  "model": "vins.vi",
  "pk": 15,
  "fields": {
    "nom": "Llopart Carmí",
    "origen": "Penedès",
    "tipus": "ROSAT",
    "preu": "10.80",
    "stock": 48,
    "any_collita": 2024,
    "imatge": "vins/llopart_carmi.jpg",
    "descripcio": "El celler Llopart està situat a l’Heretat “Can Llopart de Subirats”, al municipi de Subirats, entre l’Ordal i el massís del Garraf, a quatre quilòmetres de Sant Sadurní d’Anoia. El celler d’elaboració i criança està envoltat de vinyes de la propietat i conviu amb una masia típica catalana del segle XIV, una de les més antigues del Penedès, amb valuosos elements arquitectònics.",
    "es_actiu": true
  }
},
{
  "model": "vins.vi",
  "pk": 16,
  "fields": {
    "nom": "Llopart Vitis",
    "origen": "Penedès",
    "tipus": "BLANC",
    "preu": "11.00",
    "stock": 48,
    "any_collita": 2025,
    "imatge": "vins/llopat_vitis.jpg",
    "descripcio": "El celler Llopart està situat a l’Heretat “Can Llopart de Subirats”, al municipi de Subirats, entre l’Ordal i el massís del Garraf, a quatre quilòmetres de Sant Sadurní d’Anoia. El celler d’elaboració i criança està envoltat de vinyes de la propietat i conviu amb una masia típica catalana del segle XIV, una de les més antigues del Penedès, amb valuosos elements arquitectònics.",
    "es_actiu": true
  }
},
{
  "model": "vins.vi",
  "pk": 17,
  "fields": {
    "nom": "Llopart Vi·brant",
    "origen": "Penedès",
    "tipus": "ROSAT",
    "preu": "19.23",
    "stock": 48,
    "any_collita": 2024,
    "imatge": "vins/llopart_vi_brant.jpg",
    "descripcio": "El celler Llopart està situat a l’Heretat “Can Llopart de Subirats”, al municipi de Subirats, entre l’Ordal i el massís del Garraf, a quatre quilòmetres de Sant Sadurní d’Anoia. El celler d’elaboració i criança està envoltat de vinyes de la propietat i conviu amb una masia típica catalana del segle XIV, una de les més antigues del Penedès, amb valuosos elements arquitectònics.",
    "es_actiu": true
  }
},
{
  "model": "vins.vi",
  "pk": 18,
  "fields": {
    "nom": "Petit Pittacum",
    "origen": "Bierzo",
    "tipus": "NEGRE",
    "preu": "7.95",
    "stock": 48,
    "any_collita": 2024,
    "imatge": "vins/petit_pitacum.jpg",
    "descripcio": "Perfil fresc i elegant, amb notes de fruita vermella, tocs florals i un final suau i equilibrat. És un vi amb caràcter atlàntic, ideal per a carns, guisats i formatges curats.",
    "es_actiu": true
  }
},
{
  "model": "vins.vi",
  "pk": 19,
  "fields": {
    "nom": "El perro verde",
    "origen": "Rueda",
    "tipus": "BLANC",
    "preu": "11.95",
    "stock": 48,
    "any_collita": 2025,
    "imatge": "vins/perro_verde.jpg",
    "descripcio": "Ja és aquí la nova anyada 2025 d’El Perro Verde, un dels verdejos més desitjats de Rueda, elaborat exclusivament amb raïm ecològic.",
    "es_actiu": true
  }
},
{
  "model": "vins.vi",
  "pk": 20,
  "fields": {
    "nom": "José Pariente Finca La Medina",
    "origen": "Rueda",
    "tipus": "BLANC",
    "preu": "30.25",
    "stock": 24,
    "any_collita": 2024,
    "imatge": "vins/la_medina.jpg",
    "descripcio": "Bodega José Pariente",
    "es_actiu": true
  }
},
{
  "model": "usuaris.adreces",
  "pk": 1,
  "fields": {
    "cp": "08292",
    "poblacio": "esparreguera",
    "carrer": "vinya",
    "numero": "3"
  }
},
{
  "model": "usuaris.adreces",
  "pk": 2,
  "fields": {
    "cp": "08292",
    "poblacio": "esparreguera",
    "carrer": "vinya",
    "numero": "9"
  }
},
{
  "model": "usuaris.adreces",
  "pk": 3,
  "fields": {
    "cp": "08292",
    "poblacio": "esparreguera",
    "carrer": "vinya",
    "numero": "5 2a"
  }
},
{
  "model": "usuaris.adreces",
  "pk": 4,
  "fields": {
    "cp": "08292",
    "poblacio": "esparreguera",
    "carrer": "vinya",
    "numero": "14"
  }
},
{
  "model": "usuaris.adreces",
  "pk": 5,
  "fields": {
    "cp": "08292",
    "poblacio": "esparreguera",
    "carrer": "arbres",
    "numero": "22"
  }
},
{
  "model": "usuaris.adreces",
  "pk": 6,
  "fields": {
    "cp": "08292",
    "poblacio": "olesa",
    "carrer": "arbres",
    "numero": "2"
  }
},
{
  "model": "usuaris.usuaridireccio",
  "pk": 1,
  "fields": {
    "user": [
      "jordi@trupiessu.cat"
    ],
    "direccio": 2
  }
},
{
  "model": "usuaris.usuaridireccio",
  "pk": 2,
  "fields": {
    "user": [
      "jordi@trupiessu.cat"
    ],
    "direccio": 4
  }
},
{
  "model": "usuaris.usuaridireccio",
  "pk": 3,
  "fields": {
    "user": [
      "admin"
    ],
    "direccio": 5
  }
},
{
  "model": "usuaris.usuaridireccio",
  "pk": 4,
  "fields": {
    "user": [
      "daruedada@gmail.com"
    ],
    "direccio": 6
  }
},
{
  "model": "comandes.carret",
  "pk": 25,
  "fields": {
    "user": [
      "usuari3"
    ],
    "vi": 3,
    "unitats": 3
  }
},
{
  "model": "comandes.carret",
  "pk": 26,
  "fields": {
    "user": [
      "usuari3"
    ],
    "vi": 4,
    "unitats": 1
  }
},
{
  "model": "comandes.carret",
  "pk": 27,
  "fields": {
    "user": [
      "usuari3"
    ],
    "vi": 2,
    "unitats": 1
  }
},
{
  "model": "comandes.carret",
  "pk": 38,
  "fields": {
    "user": [
      "jordi@trupiessu.cat"
    ],
    "vi": 4,
    "unitats": 2
  }
},
{
  "model": "comandes.carret",
  "pk": 39,
  "fields": {
    "user": [
      "jordi@trupiessu.cat"
    ],
    "vi": 2,
    "unitats": 1
  }
},
{
  "model": "comandes.comanda",
  "pk": 1,
  "fields": {
    "user": [
      "jordi@trupiessu.cat"
    ],
    "direccio": 2,
    "estat": "PENDENT",
    "data_creacio": "2026-04-22T09:36:10.037Z",
    "data_actualitzacio": "2026-04-22T09:36:10.037Z",
    "total": "86.39"
  }
},
{
  "model": "comandes.comanda",
  "pk": 2,
  "fields": {
    "user": [
      "jordi@trupiessu.cat"
    ],
    "direccio": 2,
    "estat": "PENDENT",
    "data_creacio": "2026-04-22T10:04:04.681Z",
    "data_actualitzacio": "2026-04-22T10:04:04.681Z",
    "total": "223.20"
  }
},
{
  "model": "comandes.comanda",
  "pk": 3,
  "fields": {
    "user": [
      "jordi@trupiessu.cat"
    ],
    "direccio": 2,
    "estat": "PENDENT",
    "data_creacio": "2026-04-22T15:53:07.681Z",
    "data_actualitzacio": "2026-04-22T15:53:07.681Z",
    "total": "104.99"
  }
},
{
  "model": "comandes.comanda",
  "pk": 4,
  "fields": {
    "user": [
      "jordi@trupiessu.cat"
    ],
    "direccio": 2,
    "estat": "PENDENT",
    "data_creacio": "2026-04-22T16:56:48.107Z",
    "data_actualitzacio": "2026-04-22T16:56:48.108Z",
    "total": "351.09"
  }
},
{
  "model": "comandes.comanda",
  "pk": 5,
  "fields": {
    "user": [
      "admin"
    ],
    "direccio": 5,
    "estat": "ENTREGADA",
    "data_creacio": "2026-05-11T01:08:01.589Z",
    "data_actualitzacio": "2026-05-11T01:08:26.527Z",
    "total": "23.30"
  }
},
{
  "model": "comandes.comanda",
  "pk": 6,
  "fields": {
    "user": [
      "daruedada@gmail.com"
    ],
    "direccio": 6,
    "estat": "ENVIADA",
    "data_creacio": "2026-05-13T15:49:10.970Z",
    "data_actualitzacio": "2026-05-13T15:49:46.797Z",
    "total": "30.00"
  }
},
{
  "model": "comandes.comanda",
  "pk": 7,
  "fields": {
    "user": [
      "daruedada@gmail.com"
    ],
    "direccio": 6,
    "estat": "ENTREGADA",
    "data_creacio": "2026-05-13T15:50:38.327Z",
    "data_actualitzacio": "2026-05-13T15:50:48.568Z",
    "total": "100.00"
  }
},
{
  "model": "comandes.comanda",
  "pk": 8,
  "fields": {
    "user": [
      "daruedada@gmail.com"
    ],
    "direccio": 6,
    "estat": "CONFIRMADA",
    "data_creacio": "2026-05-13T15:51:17.961Z",
    "data_actualitzacio": "2026-05-14T10:15:09.568Z",
    "total": "717.60"
  }
},
{
  "model": "comandes.comanda",
  "pk": 9,
  "fields": {
    "user": [
      "daruedada@gmail.com"
    ],
    "direccio": 6,
    "estat": "PENDENT",
    "data_creacio": "2026-05-14T10:46:35.960Z",
    "data_actualitzacio": "2026-05-14T10:46:35.960Z",
    "total": "300.00"
  }
},
{
  "model": "comandes.lineacomanda",
  "pk": 1,
  "fields": {
    "comanda": 1,
    "vi": 3,
    "unitats": 1,
    "preu_unitari": "11.99"
  }
},
{
  "model": "comandes.lineacomanda",
  "pk": 2,
  "fields": {
    "comanda": 1,
    "vi": 4,
    "unitats": 4,
    "preu_unitari": "18.60"
  }
},
{
  "model": "comandes.lineacomanda",
  "pk": 3,
  "fields": {
    "comanda": 2,
    "vi": 4,
    "unitats": 12,
    "preu_unitari": "18.60"
  }
},
{
  "model": "comandes.lineacomanda",
  "pk": 4,
  "fields": {
    "comanda": 3,
    "vi": 3,
    "unitats": 1,
    "preu_unitari": "11.99"
  }
},
{
  "model": "comandes.lineacomanda",
  "pk": 5,
  "fields": {
    "comanda": 3,
    "vi": 4,
    "unitats": 5,
    "preu_unitari": "18.60"
  }
},
{
  "model": "comandes.lineacomanda",
  "pk": 6,
  "fields": {
    "comanda": 4,
    "vi": 2,
    "unitats": 7,
    "preu_unitari": "36.87"
  }
},
{
  "model": "comandes.lineacomanda",
  "pk": 7,
  "fields": {
    "comanda": 4,
    "vi": 4,
    "unitats": 5,
    "preu_unitari": "18.60"
  }
},
{
  "model": "comandes.lineacomanda",
  "pk": 8,
  "fields": {
    "comanda": 5,
    "vi": 1,
    "unitats": 2,
    "preu_unitari": "11.65"
  }
},
{
  "model": "comandes.lineacomanda",
  "pk": 9,
  "fields": {
    "comanda": 6,
    "vi": null,
    "unitats": 3,
    "preu_unitari": "10.00"
  }
},
{
  "model": "comandes.lineacomanda",
  "pk": 10,
  "fields": {
    "comanda": 7,
    "vi": null,
    "unitats": 10,
    "preu_unitari": "10.00"
  }
},
{
  "model": "comandes.lineacomanda",
  "pk": 11,
  "fields": {
    "comanda": 8,
    "vi": 5,
    "unitats": 48,
    "preu_unitari": "14.95"
  }
},
{
  "model": "comandes.lineacomanda",
  "pk": 12,
  "fields": {
    "comanda": 9,
    "vi": null,
    "unitats": 30,
    "preu_unitari": "10.00"
  }
},
{
  "model": "axes.accessattempt",
  "pk": 6,
  "fields": {
    "user_agent": "Mozilla/5.0 (X11; Linux x86_64) AppleWebKit/537.36 (KHTML, like Gecko) Chrome/148.0.0.0 Safari/537.36",
    "ip_address": "127.0.0.1",
    "username": "admin",
    "http_accept": "text/html,application/xhtml+xml,application/xml;q=0.9,image/avif,image/webp,image/apng,*/*;q=0.8,application/signed-exchange;v=b3;q=0.7",
    "path_info": "/usuaris/login/",
    "attempt_time": "2026-05-13T15:45:22.235Z",
    "get_data": "",
    "post_data": "csrfmiddlewaretoken=dD8ZaDbfixzfS8C4loDU4TmrhgNEFYC47asGCOtGe1CBmAYNMFBvmsPY8KVMUUq9\ncorreu=admin@admin.com\ncontrasenya=admin123",
    "failures_since_start": 1
  }
},
{
  "model": "axes.accesslog",
  "pk": 1,
  "fields": {
    "user_agent": "Mozilla/5.0 (X11; Linux x86_64) AppleWebKit/537.36 (KHTML, like Gecko) Chrome/148.0.0.0 Safari/537.36",
    "ip_address": "127.0.0.1",
    "username": "admin",
    "http_accept": "text/html,application/xhtml+xml,application/xml;q=0.9,image/avif,image/webp,image/apng,*/*;q=0.8,application/signed-exchange;v=b3;q=0.7",
    "path_info": "/admin/login/",
    "attempt_time": "2026-05-11T01:05:36.250Z",
    "logout_time": "2026-05-11T01:14:05.506Z"
  }
},
{
  "model": "axes.accesslog",
  "pk": 2,
  "fields": {
    "user_agent": "Mozilla/5.0 (X11; Linux x86_64) AppleWebKit/537.36 (KHTML, like Gecko) Chrome/148.0.0.0 Safari/537.36",
    "ip_address": "127.0.0.1",
    "username": "admin",
    "http_accept": "text/html,application/xhtml+xml,application/xml;q=0.9,image/avif,image/webp,image/apng,*/*;q=0.8,application/signed-exchange;v=b3;q=0.7",
    "path_info": "/admin/login/",
    "attempt_time": "2026-05-12T17:29:11.883Z",
    "logout_time": "2026-05-12T17:29:32.133Z"
  }
},
{
  "model": "axes.accesslog",
  "pk": 3,
  "fields": {
    "user_agent": "Mozilla/5.0 (X11; Linux x86_64) AppleWebKit/537.36 (KHTML, like Gecko) Chrome/148.0.0.0 Safari/537.36",
    "ip_address": "127.0.0.1",
    "username": "daruedada@gmail.com",
    "http_accept": "text/html,application/xhtml+xml,application/xml;q=0.9,image/avif,image/webp,image/apng,*/*;q=0.8,application/signed-exchange;v=b3;q=0.7",
    "path_info": "/usuaris/registre/",
    "attempt_time": "2026-05-12T17:30:16.295Z",
    "logout_time": "2026-05-12T18:40:23.017Z"
  }
},
{
  "model": "axes.accesslog",
  "pk": 4,
  "fields": {
    "user_agent": "Mozilla/5.0 (X11; Linux x86_64) AppleWebKit/537.36 (KHTML, like Gecko) Chrome/148.0.0.0 Safari/537.36",
    "ip_address": "127.0.0.1",
    "username": "admin",
    "http_accept": "text/html,application/xhtml+xml,application/xml;q=0.9,image/avif,image/webp,image/apng,*/*;q=0.8,application/signed-exchange;v=b3;q=0.7",
    "path_info": "/admin/login/",
    "attempt_time": "2026-05-12T17:36:03.245Z",
    "logout_time": "2026-05-12T17:38:39.818Z"
  }
},
{
  "model": "axes.accesslog",
  "pk": 5,
  "fields": {
    "user_agent": "Mozilla/5.0 (X11; Linux x86_64) AppleWebKit/537.36 (KHTML, like Gecko) Chrome/148.0.0.0 Safari/537.36",
    "ip_address": "127.0.0.1",
    "username": "daruedada@gmail.com",
    "http_accept": "text/html,application/xhtml+xml,application/xml;q=0.9,image/avif,image/webp,image/apng,*/*;q=0.8,application/signed-exchange;v=b3;q=0.7",
    "path_info": "/usuaris/login/",
    "attempt_time": "2026-05-12T17:38:48.906Z",
    "logout_time": "2026-05-12T18:40:23.017Z"
  }
},
{
  "model": "axes.accesslog",
  "pk": 6,
  "fields": {
    "user_agent": "Mozilla/5.0 (X11; Linux x86_64) AppleWebKit/537.36 (KHTML, like Gecko) Chrome/148.0.0.0 Safari/537.36",
    "ip_address": "127.0.0.1",
    "username": "daruedada@gmail.com",
    "http_accept": "text/html,application/xhtml+xml,application/xml;q=0.9,image/avif,image/webp,image/apng,*/*;q=0.8,application/signed-exchange;v=b3;q=0.7",
    "path_info": "/usuaris/login/",
    "attempt_time": "2026-05-12T19:04:00.202Z",
    "logout_time": "2026-05-12T20:33:25.497Z"
  }
},
{
  "model": "axes.accesslog",
  "pk": 7,
  "fields": {
    "user_agent": "Mozilla/5.0 (X11; Linux x86_64) AppleWebKit/537.36 (KHTML, like Gecko) Chrome/148.0.0.0 Safari/537.36",
    "ip_address": "127.0.0.1",
    "username": "daruedada@gmail.com",
    "http_accept": "text/html,application/xhtml+xml,application/xml;q=0.9,image/avif,image/webp,image/apng,*/*;q=0.8,application/signed-exchange;v=b3;q=0.7",
    "path_info": "/usuaris/login/",
    "attempt_time": "2026-05-13T00:08:14.917Z",
    "logout_time": "2026-05-13T15:44:04.125Z"
  }
},
{
  "model": "axes.accesslog",
  "pk": 8,
  "fields": {
    "user_agent": "Mozilla/5.0 (X11; Linux x86_64) AppleWebKit/537.36 (KHTML, like Gecko) Chrome/148.0.0.0 Safari/537.36",
    "ip_address": "127.0.0.1",
    "username": "admin",
    "http_accept": "text/html,application/xhtml+xml,application/xml;q=0.9,image/avif,image/webp,image/apng,*/*;q=0.8,application/signed-exchange;v=b3;q=0.7",
    "path_info": "/admin/login/",
    "attempt_time": "2026-05-13T11:53:17.690Z",
    "logout_time": "2026-05-13T11:59:30.878Z"
  }
},
{
  "model": "axes.accesslog",
  "pk": 9,
  "fields": {
    "user_agent": "Mozilla/5.0 (X11; Linux x86_64) AppleWebKit/537.36 (KHTML, like Gecko) Chrome/148.0.0.0 Safari/537.36",
    "ip_address": "127.0.0.1",
    "username": "admin",
    "http_accept": "text/html,application/xhtml+xml,application/xml;q=0.9,image/avif,image/webp,image/apng,*/*;q=0.8,application/signed-exchange;v=b3;q=0.7",
    "path_info": "/admin/login/",
    "attempt_time": "2026-05-13T12:00:19.664Z",
    "logout_time": "2026-05-13T12:03:30.323Z"
  }
},
{
  "model": "axes.accesslog",
  "pk": 10,
  "fields": {
    "user_agent": "Mozilla/5.0 (X11; Linux x86_64) AppleWebKit/537.36 (KHTML, like Gecko) Chrome/148.0.0.0 Safari/537.36",
    "ip_address": "127.0.0.1",
    "username": "admin",
    "http_accept": "text/html,application/xhtml+xml,application/xml;q=0.9,image/avif,image/webp,image/apng,*/*;q=0.8,application/signed-exchange;v=b3;q=0.7",
    "path_info": "/usuaris/login/",
    "attempt_time": "2026-05-13T12:03:01.567Z",
    "logout_time": "2026-05-13T12:03:30.323Z"
  }
},
{
  "model": "axes.accesslog",
  "pk": 11,
  "fields": {
    "user_agent": "Mozilla/5.0 (X11; Linux x86_64) AppleWebKit/537.36 (KHTML, like Gecko) Chrome/148.0.0.0 Safari/537.36",
    "ip_address": "127.0.0.1",
    "username": "daruedada@gmail.com",
    "http_accept": "text/html,application/xhtml+xml,application/xml;q=0.9,image/avif,image/webp,image/apng,*/*;q=0.8,application/signed-exchange;v=b3;q=0.7",
    "path_info": "/usuaris/login/",
    "attempt_time": "2026-05-13T12:03:39.687Z",
    "logout_time": "2026-05-13T15:44:04.125Z"
  }
},
{
  "model": "axes.accesslog",
  "pk": 12,
  "fields": {
    "user_agent": "Mozilla/5.0 (X11; Linux x86_64) AppleWebKit/537.36 (KHTML, like Gecko) Chrome/148.0.0.0 Safari/537.36",
    "ip_address": "127.0.0.1",
    "username": "daruedada@gmail.com",
    "http_accept": "text/html,application/xhtml+xml,application/xml;q=0.9,image/avif,image/webp,image/apng,*/*;q=0.8,application/signed-exchange;v=b3;q=0.7",
    "path_info": "/usuaris/login/",
    "attempt_time": "2026-05-13T15:45:39.828Z",
    "logout_time": null
  }
},
{
  "model": "admin.logentry",
  "pk": 1,
  "fields": {
    "action_time": "2026-05-12T17:37:49.350Z",
    "user": [
      "admin"
    ],
    "content_type": [
      "auth",
      "group"
    ],
    "object_id": "4",
    "object_repr": "Gestor",
    "action_flag": 1,
    "change_message": "[{\"added\": {}}]"
  }
},
{
  "model": "admin.logentry",
  "pk": 2,
  "fields": {
    "action_time": "2026-05-12T17:38:11.056Z",
    "user": [
      "admin"
    ],
    "content_type": [
      "auth",
      "user"
    ],
    "object_id": "5",
    "object_repr": "daruedada@gmail.com",
    "action_flag": 2,
    "change_message": "[{\"changed\": {\"fields\": [\"Groups\"]}}]"
  }
}
]
